[
    {
        "id":1,
        "title":"她们被称为“台湾的万青”，不到20岁她们被称为“台湾的万青”，不到20岁",
        "content":"抓住一个地区的时候，这和涅槃的时候同样珍贵。",
        "good":"2.9万",
        "bad":"1200",
        "like":"2200",
        "url":"img/guide_pic.png"
    },
    {
        "id":2,
        "title":"冬天的大地被雪花点缀的银装素裹;冬天的山川被寒冷描绘的冰封千里;冬天的人们被狂风怒号的穿棉裹袄。",
        "content":"白皑皑的大雪铺盖了全城银龙飞舞，一派欢乐的景象",
        "good":"84.2万",
        "bad":"12.1万",
        "like":"38.7万",
        "url":"img/home_bg.png"
    }
]